{
	 "rootnode": {
		 "name": "<3DSDummyRoot>"
		,"transformation": [
			 1
			,0
			,0
			,0
			,0
			,0
			,1
			,0
			,0
			,-1
			,0
			,0
			,0
			,0
			,0
			,1
		]
		,"children": [
			{
				 "name": "3DSMesh_0"
				,"transformation": [
					 1
					,0
					,0
					,0
					,0
					,1
					,0
					,0
					,0
					,0
					,1
					,0
					,0
					,0
					,0
					,1
				]
				,"meshes": [
					 0
				]
			}
		]
	}
	,"flags": 8
	,"meshes": [
		{
			 "name": "0"
			,"materialindex": 0
			,"primitivetypes": 4
			,"vertices": [
				 1.60582
				,0.349573
				,-1
				,1.60582
				,-0.349572
				,-1
				,-1.60582
				,-0.349572
				,-1
				,-1.60582
				,0.349573
				,-1
				,-2.36357
				,-1
				,1
				,2.36356
				,-1
				,1
				,1.9593
				,-0.82896
				,1
				,-1.9593
				,-0.828959
				,1
				,3.89323
				,0.172881
				,0.973312
				,2.36357
				,0.999999
				,1
				,2.51295
				,0.804684
				,0.997394
				,3.74385
				,0.139115
				,0.975918
				,-2.36357
				,1
				,1
				,-2.37864
				,1
				,1.41014
				,-2.37864
				,-1
				,1.41014
				,-3.90688
				,-0.220927
				,0.501414
				,-3.90688
				,-0.220927
				,0.94327
				,-3.90688
				,0.220929
				,0.94327
				,-3.90688
				,0.220929
				,0.501414
				,3.89323
				,0.172881
				,0.627547
				,3.89323
				,-0.172884
				,0.973312
				,3.89323
				,-0.172884
				,0.627547
				,-1.64993
				,-0.698068
				,0.606798
				,1.64993
				,-0.698068
				,0.606798
				,0.161459
				,-0.698068
				,0.606798
				,1.9593
				,0.828959
				,1
				,-1.9593
				,0.82896
				,1
				,-2.32591
				,0.813711
				,1
				,-1.99696
				,0.674534
				,1
				,0.962727
				,-0.0543087
				,0.606798
				,0.846928
				,-0.0543087
				,0.606798
				,1.64993
				,0.698067
				,0.606798
				,-1.64993
				,0.698068
				,0.606798
				,0.1577
				,0.698067
				,0.606798
				,-2.32591
				,-0.813711
				,1
				,-1.99696
				,-0.674534
				,1
				,-1.99696
				,-0.674534
				,1.3459
				,-2.32591
				,-0.813711
				,1.3459
				,-2.32591
				,0.813711
				,1.3459
				,-1.99696
				,0.674534
				,1.3459
				,-3.92196
				,0.220929
				,1.35341
				,-3.92196
				,-0.220927
				,1.35341
				,-0.661513
				,0.0646844
				,0.606798
				,-0.829012
				,0.0646844
				,0.606798
				,-0.829012
				,0.0646844
				,0.686367
				,-0.661513
				,0.0646844
				,0.686367
				,-0.661164
				,-0.0646846
				,0.606798
				,-0.829012
				,-0.0646845
				,0.606798
				,0.846635
				,0.0543079
				,0.606798
				,0.846928
				,-0.0543087
				,0.676577
				,0.846635
				,0.0543079
				,0.676577
				,0.962728
				,0.0543079
				,0.606798
				,0.962728
				,0.0543079
				,0.676577
				,0.962727
				,-0.0543087
				,0.676577
				,-0.661164
				,-0.0646846
				,0.686367
				,-0.829012
				,-0.0646845
				,0.686367
				,3.74385
				,-0.139117
				,0.975918
				,3.7421
				,0.139115
				,0.875447
				,3.7421
				,-0.139117
				,0.875447
				,2.51295
				,-0.804685
				,0.997394
				,2.5112
				,0.804684
				,0.896922
				,2.5112
				,-0.804685
				,0.896922
			]
			,"normals": [
				 0.195667
				,0.710241
				,-0.676219
				,0.137897
				,-0.851456
				,-0.505972
				,-0.179497
				,-0.72198
				,-0.668225
				,-0.129479
				,0.849819
				,-0.510923
				,-0.00987533
				,-0.968687
				,-0.248088
				,0.126074
				,-0.983149
				,-0.132374
				,-0.236378
				,0.558694
				,0.794976
				,0.259177
				,0.612581
				,0.746707
				,0.409082
				,0.868084
				,-0.281215
				,0.0850123
				,0.977108
				,-0.195018
				,0.425745
				,-0.197828
				,0.882953
				,-0.417905
				,-0.656027
				,0.628477
				,-0.0908654
				,0.967175
				,-0.237311
				,0.353194
				,0.185384
				,0.916999
				,0.0107204
				,-0.318298
				,0.94793
				,-0.608764
				,-0.286495
				,-0.739815
				,-0.417041
				,-0.870552
				,-0.261183
				,-0.732665
				,0.680466
				,-0.0129645
				,-0.44528
				,0.757691
				,-0.477106
				,0.622181
				,0.24594
				,-0.743239
				,0.666159
				,-0.665063
				,0.337526
				,0.462674
				,-0.752338
				,-0.468957
				,0.248866
				,0.46692
				,0.848558
				,-0.200409
				,0.213664
				,0.95613
				,6.04078e-08
				,0.259752
				,0.965675
				,-0.181654
				,-0.429351
				,0.884681
				,0.255204
				,-0.603191
				,0.755666
				,-0.980112
				,0.103482
				,0.169327
				,0.893055
				,0.361031
				,0.268533
				,0.0136865
				,-0.00729586
				,0.99988
				,-0.00683572
				,-0.014594
				,0.99987
				,-0.27352
				,-0.484593
				,0.830877
				,0.171841
				,-0.222489
				,0.959671
				,-2.83393e-08
				,-0.259751
				,0.965676
				,-0.842681
				,-0.410956
				,0.347857
				,0.978001
				,-0.113389
				,0.175094
				,0.488605
				,-0.197526
				,0.849852
				,-0.891614
				,-0.0941371
				,0.442902
				,-0.421062
				,0.205343
				,0.883483
				,0.906136
				,0.105056
				,0.409733
				,-0.236026
				,0.312056
				,0.920279
				,-0.612366
				,-0.548958
				,0.568905
				,0.00757613
				,0.0196386
				,0.999778
				,-0.0151664
				,0.00981829
				,0.999837
				,-0.198155
				,0.513117
				,0.835132
				,0.628642
				,0.408656
				,0.661672
				,0.0151374
				,-0.00977912
				,0.999838
				,-0.0075749
				,-0.0196558
				,0.999778
				,-0.0136543
				,0.00726032
				,0.99988
				,-0.497026
				,-0.266286
				,0.825867
				,-0.346562
				,0.739898
				,0.576581
				,0.00683456
				,0.0146099
				,0.99987
				,0.497114
				,0.265664
				,0.826014
				,0.347092
				,-0.740096
				,0.576008
				,0.1981
				,-0.51351
				,0.834903
				,-0.628287
				,-0.407579
				,0.662673
				,-0.292796
				,0.310812
				,0.904249
				,-0.303918
				,-0.321881
				,0.896676
				,-0.0517211
				,0.105619
				,0.993061
				,0.0549707
				,0.341541
				,0.938258
				,0.0293062
				,-0.105864
				,0.993949
				,0.145422
				,0.061803
				,0.987437
			]
			,