{
	 "rootnode": {
		 "name": "ship.obj"
		,"transformation": [
			 1
			,0
			,0
			,0
			,0
			,1
			,0
			,0
			,0
			,0
			,1
			,0
			,0
			,0
			,0
			,1
		]
		,"children": [
			{
				 "name": "Cube"
				,"transformation": [
					 1
					,0
					,0
					,0
					,0
					,1
					,0
					,0
					,0
					,0
					,1
					,0
					,0
					,0
					,0
					,1
				]
				,"meshes": [
					 0
				]
			}
		]
	}
	,"flags": 8
	,"meshes": [
		{
			 "name": ""
			,"materialindex": 0
			,"primitivetypes": 4
			,"vertices": [
				 0.693769,
				,-0.732829, 
				,-0.743027
				,0.693769
				,-0.732829
				,2.6912
				,-0.016881
				,-0.732829
				,2.6912
				,-0.016881
				,-0.732829
				,-0.743027
				,-0.661556
				,1.26717
				,-1.01193
				,-0.661557
				,1.26717
				,2.96011
				,-0.661556
				,1.26717
				,0.960109
				,0.693769
				,-0.732829
				,-0.743027
				,1.33844
				,1.26717
				,-1.01193
				,1.33844
				,1.26717
				,2.96011
				,0.693769
				,-0.732829
				,2.6912
				,-0.016881
				,-0.732829
				,2.6912
				,0.693769
				,-0.732829
				,2.6912
				,0.447991
				,0.968149
				,5.1424
				,0.228894
				,0.968149
				,5.1424
				,-0.016881
				,-0.732829
				,2.6912
				,-0.661557
				,1.26717
				,2.96011
				,-0.661556
				,1.26717
				,-1.01193
				,-0.016881
				,-0.732829
				,-0.743027
				,-0.016881
				,-0.732829
				,-0.743027
				,-0.661556
				,1.26717
				,-1.01193
				,0.202697
				,1.19173
				,-3.1367
				,0.202697
				,0.920233
				,-3.1367
				,0.24528
				,1.26717
				,2.05327
				,0.24528
				,1.26717
				,1.86695
				,0.20541
				,1.26717
				,0.105262
				,0.20541
				,1.26717
				,-0.157087
				,-0.661557
				,1.26717
				,2.96011
				,1.33844
				,1.26717
				,2.96011
				,1.33844
				,1.26717
				,2.96011
				,1.33844
				,1.26717
				,-1.01193
				,1.33844
				,1.26717
				,0.96011
				,0.447991
				,0.968149
				,5.1424
				,0.447991
				,1.18725
				,5.1424
				,0.228894
				,1.18725
				,5.1424
				,0.228894
				,0.968149
				,5.1424
				,1.33844
				,1.26717
				,2.96011
				,-0.661557
				,1.26717
				,2.96011
				,0.228894
				,1.18725
				,5.1424
				,0.447991
				,1.18725
				,5.1424
				,-0.661557
				,1.26717
				,2.96011
				,-0.016881
				,-0.732829
				,2.6912
				,0.228894
				,0.968149
				,5.1424
				,0.228894
				,1.18725
				,5.1424
				,0.693769
				,-0.732829
				,2.6912
				,1.33844
				,1.26717
				,2.96011
				,0.447991
				,1.18725
				,5.1424
				,0.447991
				,0.968149
				,5.1424
				,0.474191
				,1.19173
				,-3.1367
				,0.474191
				,0.920233
				,-3.1367
				,0.202697
				,0.920233
				,-3.1367
				,0.202697
				,1.19173
				,-3.1367
				,0.693769
				,-0.732829
				,-0.743027
				,-0.016881
				,-0.732829
				,-0.743027
				,0.202697
				,0.920233
				,-3.1367
				,0.474191
				,0.920233
				,-3.1367
				,1.33844
				,1.26717
				,-1.01193
				,0.693769
				,-0.732829
				,-0.743027
				,0.474191
				,0.920233
				,-3.1367
				,0.474191
				,1.19173
				,-3.1367
				,-0.661556
				,1.26717
				,-1.01193
				,1.33844
				,1.26717
				,-1.01193
				,0.474191
				,1.19173
				,-3.1367
				,0.202697
				,1.19173
				,-3.1367
				,0.471478
				,1.26717
				,0.105262
				,0.471478
				,1.26717
				,-0.157087
				,0.471478
				,5.42344
				,-0.157087
				,0.471478
				,5.42344
				,0.105262
				,1.33844
				,1.26717
				,0.96011
				,0.471478
				,1.26717
				,0.105262
				,1.33844
				,1.26717
				,-1.01193
				,0.471478
				,1.26717
				,-0.157087
				,0.471478
				,5.42344
				,0.105262
				,0.471478
				,5.42344
				,-0.157087
				,0.527289
				,5.42344
				,-0.212118
				,0.527289
				,5.42344
				,0.160293
				,0.20541
				,1.26717
				,0.105262
				,0.471478
				,1.26717
				,0.105262
				,0.471478
				,5.42344
				,0.105262
				,0.20541
				,5.42344
				,0.105262
				,0.20541
				,1.26717
				,-0.157087
				,0.20541
				,1.26717
				,0.105262
				,0.20541
				,5.42344
				,0.105262
				,0.20541
				,5.42344
				,-0.157087
				,0.471478
				,1.26717
				,-0.157087
				,0.20541
				,1.26717
				,-0.157087
				,0.20541
				,5.42344
				,-0.157087
				,0.471478
				,5.42344
				,-0.157087
				,0.24528
				,1.26717
				,2.05327
				,0.431607
				,1.26717
				,2.05327
				,0.431607
				,5.05677
				,2.05327
				,0.24528
				,5.05677
				,2.05327
				,0.431607
				,1.26717
				,1.86695
				,1.33844
				,1.26717
				,2.96011
				,0.431607
				,1.26717
				,2.05327
				,0.24528
				,5.05677
				,1.86695
				,0.24528
				,5.05677
				,2.05327
				,0.141383
				,5.05677
				,2.15717
				,0.141383
				,5.05677
				,1.76305
				,0.431607
				,1.26717
				,2.05327
				,0.431607
				,1.26717
				,1.86695
				,0.431607
				,5.05677
				,1.86695
				,0.431607
				,5.05677
				,2.05327
				,0.24528
				,1.26717
				,1.86695
				,0.24528
				,1.26717
				,2.05327
				,0.24528
				,5.05677
				,2.05327
				,0.24528
				,5.05677
				,1.86695
				,0.431607
				,1.26717
				,1.86695
				,0.24528
				,1.26717
				,1.86695
				,0.24528
				,5.05677
				,1.86695
				,0.431607
				,5.05677
				,1.86695
				,0.535504
				,5.05677
				,1.76305
				,0.141383
				,5.05677
				,1.76305
				,0.141383
				,5.38504
				,1.76305
				,0.535504
				,5.38504
				,1.76305
				,0.431607
				,5.05677
				,1.86695
				,0.535504
				,5.05677
				,1.76305
				,0.431607
				,5.05677
				,2.05327
				,0.535504
				,5.05677
				,2.15717
				,0.535504
				,5.38504
				,1.76305
				,0.141383
				,5.38504
				,1.76305
				,0.141383
				,5.38504
				,2.15717
				,0.535504
				,5.38504
				,2.15717
				,0.141383
				,5.05677
				,2.15717
				,0.535504
				,5.05677
				,2.15717
				,0.535504
				,5.38504
				,2.15717
				,0.141383
				,5.38504
				,2.15717
				,0.535504
				,5.05677
				,2.15717
				,0.535504
				,5.05677
				,1.76305
				,0.535504
				,5.38504
				,1.76305
				,0.535504
				,5.38504
				,2.15717
				,0.141383
				,5.05677
				,1.76305
				,0.141383
				,5.05677
				,2.15717
				,0.141383
				,5.38504
				,2.15717
				,0.141383
				,5.38504
				,1.76305
				,0.527289
				,5.42344
				,0.160293
				,0.527289
				,5.42344
				,-0.212118
				,0.527289
				,5.65961
				,-0.212118
				,0.527289
				,5.65961
				,0.160293
				,0.20541
				,5.42344
				,0.105262
				,0.149598
				,5.42344
				,0.160293
				,0.20541
				,5.42344
				,-0.157087
				,0.149598
				,5.42344
				,-0.212118
				,0.527289
				,5.65961
				,-0.212118
				,0.149598
				,5.65961
				,-0.212118
				,0.149598
				,5.65961
				,0.160293
				,0.527289
				,5.65961
				,0.160293
				,0.149598
				,5.42344
				,0.160293
				,0.527289
				,5.42344
				,0.160293
				,0.527289
				,5.65961
				,0.160293
				,0.149598
				,5.65961
				,0.160293
				,0.149598
				,5.42344
				,-0.212118
				,0.149598
				,5.42344
				,0.160293
				,0.149598
				,5.65961
				,0.160293
				,0.149598
				,5.65961
				,-0.212118
				,0.527289
				,5.42344
				,-0.212118
				,0.149598
				,5.42344
				,-0.212118
				,0.149598
				,5.65961
				,-0.212118
				,0.527289
				,5.65961
				,-0.212118
			]
			,